{
  "data" : [
    {
      "id" : "function-disconnect",
      "type" : "function",
      "name" : "disconnect"
    },
    {
      "id" : "function-getPopulation",
      "type" : "function",
      "name" : "getPopulation"
    },
    {
      "id" : "function-greeting",
      "type" : "function",
      "name" : "greeting"
    },
    {
      "id" : "function-thanks",
      "type" : "function",
      "name" : "thanks"
    },
    {
      "id" : "template-Hi",
      "type" : "template",
      "template" : "Hi",
      "quickreplies" : [
        "Hi there!"
      ]
    },
    {
      "id" : "template-any time!",
      "type" : "template",
      "template" : "any time!"
    },
    {
      "id" : "template-have a nice day!",
      "type" : "template",
      "template" : "have a nice day!",
      "quickreplies" : [
        "good bye!"
      ]
    }
  ]
}