{
  "data" : [
    {
      "name" : "greeting",
      "turns" : [
        {
          "user" : "Hi",
          "entities" : [
            {
              "entity" : "intent",
              "value" : "\"greeting\""
            }
          ],
          "operations" : [
            {
              "action" : "template-Hi"
            },
            {
              "action" : "function-greeting"
            }
          ]
        }
      ]
    },
    {
      "name" : "disconnect",
      "turns" : [
        {
          "user" : "bye",
          "entities" : [
            {
              "entity" : "intent",
              "value" : "\"disconnect\""
            }
          ],
          "operations" : [
            {
              "action" : "template-have a nice day!"
            },
            {
              "action" : "function-disconnect"
            }
          ]
        }
      ]
    },
    {
      "name" : "",
      "turns" : [
        {
          "user" : "population",
          "entities" : [
            {
              "entity" : "intent",
              "value" : "\"population\""
            }
          ],
          "operations" : [
            {
              "action" : "function-getPopulation"
            }
          ]
        }
      ]
    },
    {
      "name" : "",
      "turns" : [
        {
          "user" : "thanks",
          "entities" : [
            {
              "entity" : "intent",
              "value" : "\"thanks\""
            }
          ],
          "operations" : [
            {
              "action" : "template-any time!"
            },
            {
              "action" : "function-thanks"
            }
          ]
        }
      ]
    }
  ]
}