{
  "data" : {
    "lookups" : [
      "free-text",
      "keywords",
      "trait"
    ],
    "name" : "intent",
    "lang" : "en",
    "exotic" : false,
    "id" : "intent",
    "values" : [
      {
        "value" : "disconnect",
        "expressions" : [
          "bye"
        ]
      },
      {
        "value" : "greeting",
        "expressions" : [
          "hi"
        ]
      },
      {
        "value" : "population",
        "expressions" : [
          "pop"
        ]
      },
      {
        "value" : "thanks",
        "expressions" : [
          "thx"
        ]
      }
    ],
    "doc" : "User-defined entity",
    "builtin" : false
  }
}