{
  "data" : [
    {
      "id" : "function-disconnect",
      "type" : "function",
      "name" : "disconnect"
    },
    {
      "id" : "function-getPopulation",
      "type" : "function",
      "name" : "getPopulation"
    },
    {
      "id" : "function-greeting",
      "type" : "function",
      "name" : "greeting"
    },
    {
      "id" : "function-thanks",
      "type" : "function",
      "name" : "thanks"
    },
    {
      "id" : "template-Hi",
      "type" : "template",
      "template" : "Hi",
      "quickreplies" : [
        "Hi there!"
      ]
    },
    {
      "id" : "template-Hi. Ask me about USA state or county population",
      "type" : "template",
      "template" : "Hi. Ask me about USA state or county population"
    },
    {
      "id" : "template-Hi. Ask me about USA state, city, or county population",
      "type" : "template",
      "template" : "Hi. Ask me about USA state, city, or county population"
    },
    {
      "id" : "template-any time!",
      "type" : "template",
      "template" : "any time!"
    },
    {
      "id" : "template-hello! Ask me about USA state or county population",
      "type" : "template",
      "template" : "hello! Ask me about USA state or county population"
    },
    {
      "id" : "template-hello! Ask me questions about USA, state, or county population",
      "type" : "template",
      "template" : "hello! Ask me questions about USA, state, or county population"
    },
    {
      "id" : "template-hi. ask me about USA state or county population",
      "type" : "template",
      "template" : "hi. ask me about USA state or county population"
    },
    {
      "id" : "template-thanks for checking me out",
      "type" : "template",
      "template" : "thanks for checking me out"
    }
  ]
}